instanceId,modelKey,modelFamily,modelLongName,strategy,timeLimitSec,heuristicBuildTimeNs,objectiveValue,lowerBound,upperBound,gapPercent,solveTimeSec,nodesExplored,simplexIterations,workUnits,timeLimitReached,solvedOptimal,logFileName
j1201_1,FCT-600,FCT,Flow-Based Continuous Time Model,VS,600,39390460635,113.0,99.0,113.0,12.3894,600.0873839855194,1,74230,633.0,true,false,output_4.2.txt
j1201_1,FCT-600,FCT,Flow-Based Continuous Time Model,VH,600,37271459912,114.0,99.0,114.0,13.1579,600.0949280261993,1,72310,625.4,true,false,output_4.2.txt
j1201_1,DT-600,DT,Discrete Time Model,VS,600,36422727483,112.0,103.0,112.0,8.0357,600.0099990367889,16124,4158198,1159.8,true,false,output_4.2.txt
j1201_1,DT-600,DT,Discrete Time Model,VH,600,36567968866,110.0,102.0,110.0,7.2727,600.0351650714874,31495,5626585,1129.96,true,false,output_4.2.txt
j1201_1,OOE-600,OOE,On-Off Event Based Model,VS,600,36473196230,113.0,1.0,113.0,99.115,600.219083070755,1,31318,411.49,true,false,output_4.2.txt
j1201_1,OOE-600,OOE,On-Off Event Based Model,VH,600,36933869606,1.0E100,1.0,1.0E100,100.0,600.1880369186401,1,31881,421.88,true,false,output_4.2.txt
j1201_1,SEQ-600,SEQ,Sequencing Model,VS,600,36868354165,110.99999998879997,99.00000000000003,110.99999998879997,10.8108,600.0157880783081,4238,1433978,812.78,true,false,output_4.2.txt
j1201_1,SEQ-600,SEQ,Sequencing Model,VH,600,36239962351,111.99999997739305,99.00000000000001,111.99999997739305,11.6071,600.0116469860077,7161,1389974,836.57,true,false,output_4.2.txt
j1201_1,FCT-600,FCT,Flow-Based Continuous Time Model,STD,600,60471330,1.0E100,99.0,1.0E100,100.0,600.0223190784454,1,72437,618.53,true,false,output_4.2.txt
j1201_1,DT-600,DT,Discrete Time Model,STD,600,56922877,112.0,102.0,112.0,8.9286,600.0065369606018,26021,4687968,1198.95,true,false,output_4.2.txt
j1201_1,OOE-600,OOE,On-Off Event Based Model,STD,600,27202689,1.0E100,1.0,1.0E100,100.0,600.2057681083679,1,31881,421.44,true,false,output_4.2.txt
j1201_1,SEQ-600,SEQ,Sequencing Model,STD,600,15704039,118.99999998779842,99.00000000000001,118.99999998779842,16.8067,600.047788143158,7850,1238785,818.71,true,false,output_4.2.txt
j1201_2,FCT-600,FCT,Flow-Based Continuous Time Model,VS,600,36958224766,123.0,86.0,123.0,30.0813,600.0765600204468,1,68654,630.29,true,false,output_4.2.txt
j1201_2,FCT-600,FCT,Flow-Based Continuous Time Model,VH,600,37001799853,120.0,86.0,120.0,28.3333,600.0948388576508,1,76928,624.9,true,false,output_4.2.txt
j1201_2,DT-600,DT,Discrete Time Model,VS,600,36863081094,116.0,106.0,116.0,8.6207,600.0078499317169,22514,4400243,1161.58,true,false,output_4.2.txt
j1201_2,DT-600,DT,Discrete Time Model,VH,600,36339235431,114.0,104.00000000000003,114.0,8.7719,600.0067799091339,9999,3315137,1208.89,true,false,output_4.2.txt
j1201_2,OOE-600,OOE,On-Off Event Based Model,VS,600,36513202437,121.0,1.0,121.0,99.1736,600.2483279705048,1,32066,430.84,true,false,output_4.2.txt
j1201_2,OOE-600,OOE,On-Off Event Based Model,VH,600,37091467028,1.0E100,1.0,1.0E100,100.0,600.1246128082275,1,30971,424.36,true,false,output_4.2.txt
j1201_2,SEQ-600,SEQ,Sequencing Model,VS,600,36912087013,117.0,102.47078189300365,117.0,12.4181,600.0063319206238,11110,1677444,807.13,true,false,output_4.2.txt
j1201_2,SEQ-600,SEQ,Sequencing Model,VH,600,36365603515,120.0,101.99999999999994,120.0,15.0,600.018768787384,14555,1392114,777.2,true,false,output_4.2.txt
j1201_2,FCT-600,FCT,Flow-Based Continuous Time Model,STD,600,30514770,1.0E100,86.0,1.0E100,100.0,600.0307538509369,1,75916,609.8,true,false,output_4.2.txt
j1201_2,DT-600,DT,Discrete Time Model,STD,600,28751400,161.0,99.00000000000031,161.0,38.5093,600.0062720775604,4484,2135193,1255.26,true,false,output_4.2.txt
j1201_2,OOE-600,OOE,On-Off Event Based Model,STD,600,7007938,1.0E100,1.0,1.0E100,100.0,600.316743850708,1,30971,426.72,true,false,output_4.2.txt
j1201_2,SEQ-600,SEQ,Sequencing Model,STD,600,31521992,134.0,98.99999999999909,134.0,26.1194,600.0122029781342,16382,1507212,849.33,true,false,output_4.2.txt
j1201_3,FCT-600,FCT,Flow-Based Continuous Time Model,VS,600,36658783851,129.0,82.0,129.0,36.4341,600.0750272274017,1,71224,605.81,true,false,output_4.2.txt
j1201_3,FCT-600,FCT,Flow-Based Continuous Time Model,VH,600,42302245677,129.0,82.0,129.0,36.4341,600.1060547828674,1,73743,587.18,true,false,output_4.2.txt
j1201_3,DT-600,DT,Discrete Time Model,VS,600,43543526552,128.0,122.0,128.0,4.6875,600.0048480033875,15048,4397398,1234.81,true,false,output_4.2.txt
j1201_3,DT-600,DT,Discrete Time Model,VH,600,38019148832,128.0,122.0,128.0,4.6875,600.0075569152832,16497,4250270,1262.91,true,false,output_4.2.txt
j1201_3,OOE-600,OOE,On-Off Event Based Model,VS,600,37742774231,128.0,1.0,128.0,99.2188,600.2972569465637,1,31140,477.51,true,false,output_4.2.txt
j1201_3,OOE-600,OOE,On-Off Event Based Model,VH,600,41619489281,1.0E100,1.0,1.0E100,100.0,600.1446869373322,1,31293,443.77,true,false,output_4.2.txt
j1201_3,SEQ-600,SEQ,Sequencing Model,VS,600,37791144178,128.0,96.99999999999989,128.0,24.2188,600.0100071430206,6231,1288205,755.09,true,false,output_4.2.txt
j1201_3,SEQ-600,SEQ,Sequencing Model,VH,600,37114528328,131.99999873409854,97.99999999999827,131.99999873409854,25.7576,600.0113899707794,11569,1486555,826.27,true,false,output_4.2.txt
j1201_3,FCT-600,FCT,Flow-Based Continuous Time Model,STD,600,81343823,1.0E100,82.0,1.0E100,100.0,600.0192611217499,1,73425,585.44,true,false,output_4.2.txt
j1201_3,DT-600,DT,Discrete Time Model,STD,600,78168875,247.0,101.00000000000003,247.0,59.1093,600.0823550224304,1222,1300322,1335.97,true,false,output_4.2.txt
j1201_3,OOE-600,OOE,On-Off Event Based Model,STD,600,12054257,1.0E100,1.0,1.0E100,100.0,600.1824178695679,1,31293,440.06,true,false,output_4.2.txt
j1201_3,SEQ-600,SEQ,Sequencing Model,STD,600,23429121,133.0,93.99999999999929,133.0,29.3233,600.0130059719086,14662,1142133,794.92,true,false,output_4.2.txt
j1201_4,FCT-600,FCT,Flow-Based Continuous Time Model,VS,600,37808819294,103.0,79.0,103.0,23.301,600.1853699684143,1,67587,629.63,true,false,output_4.2.txt
j1201_4,FCT-600,FCT,Flow-Based Continuous Time Model,VH,600,38115611106,104.0,79.0,104.0,24.0385,600.0913279056549,1,70034,587.26,true,false,output_4.2.txt
j1201_4,DT-600,DT,Discrete Time Model,VS,600,41480755469,97.0,97.0,97.0,0.0,94.09545087814331,5322,861710,173.79,false,true,output_4.2.txt
j1201_4,DT-600,DT,Discrete Time Model,VH,600,38062621067,97.0,97.0,97.0,0.0,72.33206415176392,5281,536498,127.35,false,true,output_4.2.txt
j1201_4,OOE-600,OOE,On-Off Event Based Model,VS,600,37893652935,102.0,1.0,102.0,99.0196,600.2873349189758,1,33234,420.67,true,false,output_4.2.txt
j1201_4,OOE-600,OOE,On-Off Event Based Model,VH,600,37837089986,1.0E100,1.0,1.0E100,100.0,600.1794011592865,1,33987,412.55,true,false,output_4.2.txt
j1201_4,SEQ-600,SEQ,Sequencing Model,VS,600,38045361328,103.99999998949998,86.16216216226493,103.99999998949998,17.1518,600.0139129161835,8442,1620257,809.32,true,false,output_4.2.txt
j1201_4,SEQ-600,SEQ,Sequencing Model,VH,600,37758818820,102.99999998959281,86.0,102.99999998959281,16.5049,600.0114998817444,9211,1580386,806.93,true,false,output_4.2.txt
j1201_4,FCT-600,FCT,Flow-Based Continuous Time Model,STD,600,91340408,1.0E100,79.0,1.0E100,100.0,600.0295560359955,1,70857,604.42,true,false,output_4.2.txt
j1201_4,DT-600,DT,Discrete Time Model,STD,600,53108280,102.0,97.0,102.0,4.902,600.0071380138397,5928,1907876,1320.85,true,false,output_4.2.txt
j1201_4,OOE-600,OOE,On-Off Event Based Model,STD,600,83951914,1.0E100,1.0,1.0E100,100.0,600.2636110782623,1,33987,412.55,true,false,output_4.2.txt
j1201_4,SEQ-600,SEQ,Sequencing Model,STD,600,11868907,114.0,85.99999999999773,114.0,24.5614,600.0140731334686,15031,1889506,842.46,true,false,output_4.2.txt
j1201_5,FCT-600,FCT,Flow-Based Continuous Time Model,VS,600,38537828694,117.0,94.0,117.0,19.6581,600.0818438529968,1,73712,662.2,true,false,output_4.2.txt
j1201_5,FCT-600,FCT,Flow-Based Continuous Time Model,VH,600,39598201132,117.0,94.0,117.0,19.6581,600.1073460578918,1,68364,656.35,true,false,output_4.2.txt
j1201_5,DT-600,DT,Discrete Time Model,VS,600,38336398600,116.0,111.0,116.0,4.3103,600.0062370300293,15909,6212646,1227.49,true,false,output_4.2.txt
j1201_5,DT-600,DT,Discrete Time Model,VH,600,37972808136,112.0,111.0,112.0,0.8929,600.0062510967255,28909,4696616,1082.56,true,false,output_4.2.txt
j1201_5,OOE-600,OOE,On-Off Event Based Model,VS,600,38037165029,117.0,1.0,117.0,99.1453,600.4177839756012,1,28492,407.49,true,false,output_4.2.txt
j1201_5,OOE-600,OOE,On-Off Event Based Model,VH,600,38353882421,1.0E100,1.0,1.0E100,100.0,600.2228310108185,1,31682,388.08,true,false,output_4.2.txt
j1201_5,SEQ-600,SEQ,Sequencing Model,VS,600,38213860912,117.999999916716,98.99999999999994,117.999999916716,16.1017,600.0115578174591,4016,1228815,813.22,true,false,output_4.2.txt
j1201_5,SEQ-600,SEQ,Sequencing Model,VH,600,37344834222,119.99999998789293,99.0,119.99999998789293,17.5,600.0239629745483,7151,1773063,840.51,true,false,output_4.2.txt
j1201_5,FCT-600,FCT,Flow-Based Continuous Time Model,STD,600,31419905,1.0E100,94.0,1.0E100,100.0,600.0236032009125,1,68128,650.23,true,false,output_4.2.txt
j1201_5,DT-600,DT,Discrete Time Model,STD,600,56470461,137.0,101.0,137.0,26.2774,600.0103440284729,4481,915422,1503.38,true,false,output_4.2.txt
j1201_5,OOE-600,OOE,On-Off Event Based Model,STD,600,8507949,1.0E100,1.0,1.0E100,100.0,600.2632281780243,1,31682,391.09,true,false,output_4.2.txt
j1201_5,SEQ-600,SEQ,Sequencing Model,STD,600,11586476,131.0,99.0,131.0,24.4275,600.0097489356995,9126,1435911,842.5,true,false,output_4.2.txt
j1201_6,FCT-600,FCT,Flow-Based Continuous Time Model,VS,600,38457078448,86.0,65.0,86.0,24.4186,600.0782740116119,1,58785,631.64,true,false,output_4.2.txt
j1201_6,FCT-600,FCT,Flow-Based Continuous Time Model,VH,600,38154591710,87.0,65.0,87.0,25.2874,600.1839349269867,1,72964,574.2,true,false,output_4.2.txt
j1201_6,DT-600,DT,Discrete Time Model,VS,600,38297093074,84.0,84.0,84.0,0.0,29.40350604057312,1850,269453,48.79,false,true,output_4.2.txt
j1201_6,DT-600,DT,Discrete Time Model,VH,600,37758166982,84.0,84.0,84.0,0.0,42.75348711013794,4155,519522,75.56,false,true,output_4.2.txt
j1201_6,OOE-600,OOE,On-Off Event Based Model,VS,600,37670203368,86.0,1.0,86.0,98.8372,600.2303640842438,1,34262,445.6,true,false,output_4.2.txt
j1201_6,OOE-600,OOE,On-Off Event Based Model,VH,600,38312870151,1.0E100,1.0,1.0E100,100.0,600.2201051712036,1,30280,454.35,true,false,output_4.2.txt
j1201_6,SEQ-600,SEQ,Sequencing Model,VS,600,37978802222,84.99999999139999,82.0,84.99999999139999,3.5294,600.0090489387512,9437,1795158,795.68,true,false,output_4.2.txt
j1201_6,SEQ-600,SEQ,Sequencing Model,VH,600,37360215740,85.99999999128727,82.00000000000001,85.99999999128727,4.6512,600.0078611373901,8022,1756380,832.54,true,false,output_4.2.txt
j1201_6,FCT-600,FCT,Flow-Based Continuous Time Model,STD,600,32114316,1.0E100,65.0,1.0E100,100.0,600.017814874649,1,73989,596.37,true,false,output_4.2.txt
j1201_6,DT-600,DT,Discrete Time Model,STD,600,28157562,84.0,84.0,84.0,0.0,413.273099899292,4765,1111537,812.86,false,true,output_4.2.txt
j1201_6,OOE-600,OOE,On-Off Event Based Model,STD,600,6191253,1.0E100,1.0,1.0E100,100.0,600.2332060337067,1,30280,454.54,true,false,output_4.2.txt
j1201_6,SEQ-600,SEQ,Sequencing Model,STD,600,11779667,90.0,75.99999999999852,90.0,15.5556,600.0255360603333,11280,1879750,860.66,true,false,output_4.2.txt
j1201_7,FCT-600,FCT,Flow-Based Continuous Time Model,VS,600,39532221212,125.0,98.0,125.0,21.6,600.0696139335632,1,72167,619.56,true,false,output_4.2.txt
j1201_7,FCT-600,FCT,Flow-Based Continuous Time Model,VH,600,41493877280,123.0,98.0,123.0,20.3252,600.093542098999,1,71640,597.13,true,false,output_4.2.txt
j1201_7,DT-600,DT,Discrete Time Model,VS,600,40347686352,120.0,115.0,120.0,4.1667,600.0073828697205,16496,6459601,1217.97,true,false,output_4.2.txt
j1201_7,DT-600,DT,Discrete Time Model,VH,600,36896021538,120.0,114.0,120.0,5.0,600.0770931243896,14619,4953306,1228.42,true,false,output_4.2.txt
j1201_7,OOE-600,OOE,On-Off Event Based Model,VS,600,36949155618,124.0,1.0,124.0,99.1935,600.2467660903931,1,32033,449.59,true,false,output_4.2.txt
j1201_7,OOE-600,OOE,On-Off Event Based Model,VH,600,40789791099,1.0E100,1.0,1.0E100,100.0,600.183112859726,1,29770,454.52,true,false,output_4.2.txt
j1201_7,SEQ-600,SEQ,Sequencing Model,VS,600,39878265878,123.0,110.0,123.0,10.5691,600.0103800296783,8679,1687178,836.93,true,false,output_4.2.txt
j1201_7,SEQ-600,SEQ,Sequencing Model,VH,600,37794517000,121.0,105.99999999999804,121.0,12.3967,600.0120141506195,7107,1602293,825.79,true,false,output_4.2.txt
j1201_7,FCT-600,FCT,Flow-Based Continuous Time Model,STD,600,89016605,1.0E100,98.0,1.0E100,100.0,600.0190620422363,1,71143,590.79,true,false,output_4.2.txt
j1201_7,DT-600,DT,Discrete Time Model,STD,600,158367583,119.0,114.0,119.0,4.2017,600.0068271160126,5264,2700155,1259.4,true,false,output_4.2.txt
j1201_7,OOE-600,OOE,On-Off Event Based Model,STD,600,18536059,1.0E100,1.0,1.0E100,100.0,600.1446290016174,1,29770,452.53,true,false,output_4.2.txt
j1201_7,SEQ-600,SEQ,Sequencing Model,STD,600,89895201,128.99999998699997,106.00000000000004,128.99999998699997,17.8295,600.0085589885712,9754,1306461,788.11,true,false,output_4.2.txt
j1201_8,FCT-600,FCT,Flow-Based Continuous Time Model,VS,600,43627757370,113.0,85.0,113.0,24.7788,600.0813748836517,1,70554,602.45,true,false,output_4.2.txt
j1201_8,FCT-600,FCT,Flow-Based Continuous Time Model,VH,600,41708538688,114.0,85.0,114.0,25.4386,600.1102430820465,1,73225,620.21,true,false,output_4.2.txt
j1201_8,DT-600,DT,Discrete Time Model,VS,600,42407193787,110.0,109.0,110.0,0.9091,600.0054881572723,15180,6058117,1257.36,true,false,output_4.2.txt
j1201_8,DT-600,DT,Discrete Time Model,VH,600,38621611160,110.0,108.0,110.0,1.8182,600.0172700881958,16727,5093506,1227.45,true,false,output_4.2.txt
j1201_8,OOE-600,OOE,On-Off Event Based Model,VS,600,38833885561,117.0,1.0,117.0,99.1453,600.2460780143738,1,35295,421.29,true,false,output_4.2.txt
j1201_8,OOE-600,OOE,On-Off Event Based Model,VH,600,41373413902,1.0E100,1.0,1.0E100,100.0,600.0732970237732,1,35399,399.88,true,false,output_4.2.txt
j1201_8,SEQ-600,SEQ,Sequencing Model,VS,600,42162177365,114.0,92.0,114.0,19.2982,600.0122151374817,20458,1495988,767.15,true,false,output_4.2.txt
j1201_8,SEQ-600,SEQ,Sequencing Model,VH,600,39390199012,114.0,89.53307942498039,114.0,21.4622,600.0050568580627,1347,1923198,715.63,true,false,output_4.2.txt
j1201_8,FCT-600,FCT,Flow-Based Continuous Time Model,STD,600,82638446,1.0E100,85.0,1.0E100,100.0,600.0295150279999,1,72841,616.08,true,false,output_4.2.txt
j1201_8,DT-600,DT,Discrete Time Model,STD,600,141963324,112.0,107.0,112.0,4.4643,600.00643491745,19689,2883531,1154.77,true,false,output_4.2.txt
j1201_8,OOE-600,OOE,On-Off Event Based Model,STD,600,18254328,1.0E100,1.0,1.0E100,100.0,600.097690820694,1,35399,406.42,true,false,output_4.2.txt
j1201_8,SEQ-600,SEQ,Sequencing Model,STD,600,62558747,115.0,87.55555555555542,115.0,23.8647,600.0235340595245,12895,1708505,848.96,true,false,output_4.2.txt
j1201_9,FCT-600,FCT,Flow-Based Continuous Time Model,VS,600,44594160300,125.0,89.0,125.0,28.8,600.0803570747375,1,70258,601.54,true,false,output_4.2.txt
j1201_9,FCT-600,FCT,Flow-Based Continuous Time Model,VH,600,45786330679,123.0,89.0,123.0,27.6423,600.1000258922577,1,74117,587.51,true,false,output_4.2.txt
j1201_9,DT-600,DT,Discrete Time Model,VS,600,40374371000,112.0,112.0,112.0,0.0,555.1939449310303,22695,5637345,1085.88,false,true,output_4.2.txt
j1201_9,DT-600,DT,Discrete Time Model,VH,600,37884454601,112.0,112.0,112.0,0.0,136.28058099746704,3482,972802,263.55,false,true,output_4.2.txt
j1201_9,OOE-600,OOE,On-Off Event Based Model,VS,600,37866192223,127.0,1.0,127.0,99.2126,600.1157009601593,1,33183,440.23,true,false,output_4.2.txt
j1201_9,OOE-600,OOE,On-Off Event Based Model,VH,600,42408131729,1.0E100,1.0,1.0E100,100.0,600.1136178970337,1,32874,408.84,true,false,output_4.2.txt
j1201_9,SEQ-600,SEQ,Sequencing Model,VS,600,40342941984,125.0,104.0,125.0,16.8,600.0078520774841,7244,1634564,840.22,true,false,output_4.2.txt
j1201_9,SEQ-600,SEQ,Sequencing Model,VH,600,38492773355,123.99999998748612,101.99999999999979,123.99999998748612,17.7419,600.0100090503693,8550,1612300,840.41,true,false,output_4.2.txt
j1201_9,FCT-600,FCT,Flow-Based Continuous Time Model,STD,600,82440767,1.0E100,89.0,1.0E100,100.0,600.0275511741638,1,74408,597.0,true,false,output_4.2.txt
j1201_9,DT-600,DT,Discrete Time Model,STD,600,227063566,112.0,112.0,112.0,0.0,279.9085578918457,3796,738322,598.88,false,true,output_4.2.txt
j1201_9,OOE-600,OOE,On-Off Event Based Model,STD,600,20448706,1.0E100,1.0,1.0E100,100.0,600.1371469497681,1,32874,411.52,true,false,output_4.2.txt
j1201_9,SEQ-600,SEQ,Sequencing Model,STD,600,92041238,136.0,100.00000000000004,136.0,26.4706,600.0237560272217,14677,1484496,810.99,true,false,output_4.2.txt
j1201_10,FCT-600,FCT,Flow-Based Continuous Time Model,VS,600,41057970607,114.0,89.0,114.0,21.9298,600.0734710693359,1,61802,622.91,true,false,output_4.2.txt
j1201_10,FCT-600,FCT,Flow-Based Continuous Time Model,VH,600,40247698992,114.0,89.0,114.0,21.9298,600.1017220020294,1,68914,636.97,true,false,output_4.2.txt
j1201_10,DT-600,DT,Discrete Time Model,VS,600,41834956683,112.0,102.0,112.0,8.9286,600.0103108882904,5057,5910216,1436.11,true,false,output_4.2.txt
j1201_10,DT-600,DT,Discrete Time Model,VH,600,38204823483,112.0,102.0,112.0,8.9286,600.0061728954315,3989,5071994,1405.45,true,false,output_4.2.txt
j1201_10,OOE-600,OOE,On-Off Event Based Model,VS,600,38110429440,114.0,1.0,114.0,99.1228,600.1787831783295,1,31303,423.47,true,false,output_4.2.txt
j1201_10,OOE-600,OOE,On-Off Event Based Model,VH,600,41619031973,1.0E100,1.0,1.0E100,100.0,600.1219258308411,1,33556,411.92,true,false,output_4.2.txt
j1201_10,SEQ-600,SEQ,Sequencing Model,VS,600,41624868650,114.0,98.99999999999989,114.0,13.1579,600.008749961853,6525,1689872,863.79,true,false,output_4.2.txt
j1201_10,SEQ-600,SEQ,Sequencing Model,VH,600,37873912082,113.99999998849992,97.99999999999983,113.99999998849992,14.0351,600.0164728164673,4910,1680734,843.35,true,false,output_4.2.txt
j1201_10,FCT-600,FCT,Flow-Based Continuous Time Model,STD,600,82402895,1.0E100,89.0,1.0E100,100.0,600.0251400470734,1,68928,632.54,true,false,output_4.2.txt
j1201_10,DT-600,DT,Discrete Time Model,STD,600,199498371,116.0,100.0,116.0,13.7931,600.0063049793243,5443,2579640,1515.64,true,false,output_4.2.txt
j1201_10,OOE-600,OOE,On-Off Event Based Model,STD,600,17975320,1.0E100,1.0,1.0E100,100.0,600.1138498783112,1,33556,408.27,true,false,output_4.2.txt
j1201_10,SEQ-600,SEQ,Sequencing Model,STD,600,96487541,130.0,96.99999999993042,130.0,25.3846,600.0071861743927,14564,1683472,804.67,true,false,output_4.2.txt
j1202_1,FCT-600,FCT,Flow-Based Continuous Time Model,VS,600,44102967188,91.0,70.0,91.0,23.0769,600.06813621521,1,65914,601.76,true,false,output_4.2.txt
j1202_1,FCT-600,FCT,Flow-Based Continuous Time Model,VH,600,40156017997,92.0,70.0,92.0,23.913,600.1540451049805,1,76860,571.97,true,false,output_4.2.txt
j1202_1,DT-600,DT,Discrete Time Model,VS,600,40695423918,87.0,87.0,87.0,0.0,47.56588697433472,3587,568216,87.58,false,true,output_4.2.txt
j1202_1,DT-600,DT,Discrete Time Model,VH,600,37703050447,87.0,87.0,87.0,0.0,137.34933996200562,14457,2020416,262.17,false,true,output_4.2.txt
j1202_1,OOE-600,OOE,On-Off Event Based Model,VS,600,37743878564,91.0,1.0,91.0,98.9011,600.3718099594116,1,31155,432.8,true,false,output_4.2.txt
j1202_1,OOE-600,OOE,On-Off Event Based Model,VH,600,37694712234,1.0E100,1.0,1.0E100,100.0,600.1482119560242,1,26888,412.66,true,false,output_4.2.txt
j1202_1,SEQ-600,SEQ,Sequencing Model,VS,600,37719113843,89.99999999080023,77.99999999999989,89.99999999080023,13.3333,600.0112390518188,8609,1711370,772.48,true,false,output_4.2.txt
j1202_1,SEQ-600,SEQ,Sequencing Model,VH,600,37415849904,89.99999903845666,76.99999949999973,89.99999903845666,14.4444,600.0317530632019,2343,1973873,833.83,true,false,output_4.2.txt
j1202_1,FCT-600,FCT,Flow-Based Continuous Time Model,STD,600,85280598,1.0E100,70.0,1.0E100,100.0,601.2938339710236,1,76860,592.02,true,false,output_4.2.txt
j1202_1,DT-600,DT,Discrete Time Model,STD,600,50722970,87.0,87.0,87.0,0.0,228.20808601379395,2443,934761,475.2,false,true,output_4.2.txt
j1202_1,OOE-600,OOE,On-Off Event Based Model,STD,600,6277308,1.0E100,1.0,1.0E100,100.0,600.1244361400604,1,26888,412.99,true,false,output_4.2.txt
j1202_1,SEQ-600,SEQ,Sequencing Model,STD,600,88191025,93.0,74.00149216612785,93.0,20.4285,600.0068030357361,8830,1668716,856.2,true,false,output_4.2.txt
j1202_2,FCT-600,FCT,Flow-Based Continuous Time Model,VS,600,41084762487,79.0,73.0,79.0,7.5949,600.0744731426239,1,74325,695.22,true,false,output_4.2.txt
j1202_2,FCT-600,FCT,Flow-Based Continuous Time Model,VH,600,39308381736,1.0E100,73.0,1.0E100,100.0,600.0489859580994,1,70569,691.59,true,false,output_4.2.txt
j1202_2,DT-600,DT,Discrete Time Model,VS,600,43799431373,75.0,75.0,75.0,0.0,77.79665517807007,15355,1263522,133.96,false,true,output_4.2.txt
j1202_2,DT-600,DT,Discrete Time Model,VH,600,38024933477,75.0,75.0,75.0,0.0,63.16331601142883,15574,968507,100.78,false,true,output_4.2.txt
j1202_2,OOE-600,OOE,On-Off Event Based Model,VS,600,37905624106,79.0,1.0,79.0,98.7342,600.3663408756256,1,32400,445.6,true,false,output_4.2.txt
j1202_2,OOE-600,OOE,On-Off Event Based Model,VH,600,39080434264,1.0E100,1.0,1.0E100,100.0,600.0921900272369,1,31835,442.81,true,false,output_4.2.txt
j1202_2,SEQ-600,SEQ,Sequencing Model,VS,600,42183094465,81.0,73.00000000000001,81.0,9.8765,600.0576908588409,14505,1771939,837.24,true,false,output_4.2.txt
j1202_2,SEQ-600,SEQ,Sequencing Model,VH,600,37735810524,78.99999999199999,73.00000000000001,78.99999999199999,7.5949,600.0137598514557,8251,1819344,839.63,true,false,output_4.2.txt
j1202_2,FCT-600,FCT,Flow-Based Continuous Time Model,STD,600,118690770,1.0E100,73.0,1.0E100,100.0,600.035206079483,1,73430,611.35,true,false,output_4.2.txt
j1202_2,DT-600,DT,Discrete Time Model,STD,600,218471666,75.0,75.0,75.0,0.0,116.76074194908142,8354,769652,205.62,false,true,output_4.2.txt
j1202_2,OOE-600,OOE,On-Off Event Based Model,STD,600,25379400,1.0E100,1.0,1.0E100,100.0,600.0595679283142,1,31835,441.91,true,false,output_4.2.txt
j1202_2,SEQ-600,SEQ,Sequencing Model,STD,600,99488403,76.99999998429985,73.00000000000001,76.99999998429985,5.1948,600.0131878852844,7690,1496721,798.75,true,false,output_4.2.txt
j1202_3,FCT-600,FCT,Flow-Based Continuous Time Model,VS,600,41335163916,97.0,78.0,97.0,19.5876,600.07075715065,1,71781,655.93,true,false,output_4.2.txt
j1202_3,FCT-600,FCT,Flow-Based Continuous Time Model,VH,600,42075845103,1.0E100,78.0,1.0E100,100.0,600.0416121482849,1,74433,683.62,true,false,output_4.2.txt
j1202_3,DT-600,DT,Discrete Time Model,VS,600,43387777520,92.0,91.0,92.0,1.087,600.0414559841156,33320,6981415,1240.01,true,false,output_4.2.txt
j1202_3,DT-600,DT,Discrete Time Model,VH,600,37823751041,93.0,91.0,93.0,2.1505,600.0421261787415,42437,8091620,1176.11,true,false,output_4.2.txt
j1202_3,OOE-600,OOE,On-Off Event Based Model,VS,600,37840120484,98.0,1.0,98.0,98.9796,600.180459022522,1,33952,418.13,true,false,output_4.2.txt
j1202_3,OOE-600,OOE,On-Off Event Based Model,VH,600,43398263400,1.0E100,1.0,1.0E100,100.0,600.0773448944092,1,27041,405.61,true,false,output_4.2.txt
j1202_3,SEQ-600,SEQ,Sequencing Model,VS,600,41805288569,97.99999999009998,83.0,97.99999999009998,15.3061,600.0230150222778,3527,2568350,1019.7,true,false,output_4.2.txt
j1202_3,SEQ-600,SEQ,Sequencing Model,VH,600,37788292184,96.9999999901918,88.0,96.9999999901918,9.2784,600.0096409320831,5069,1863226,837.6,true,false,output_4.2.txt
j1202_3,FCT-600,FCT,Flow-Based Continuous Time Model,STD,600,112995287,1.0E100,78.0,1.0E100,100.0,600.1705219745636,1,76143,604.8,true,false,output_4.2.txt
j1202_3,DT-600,DT,Discrete Time Model,STD,600,251815164,96.0,90.00000000000009,96.0,6.25,600.0075509548187,7027,1620863,1414.64,true,false,output_4.2.txt
j1202_3,OOE-600,OOE,On-Off Event Based Model,STD,600,20151368,1.0E100,1.0,1.0E100,100.0,600.0529360771179,1,27041,407.48,true,false,output_4.2.txt
j1202_3,SEQ-600,SEQ,Sequencing Model,STD,600,114093278,114.99999998839996,83.999999999999,114.99999998839996,26.9565,600.0067420005798,13009,1585124,818.4,true,false,output_4.2.txt
j1202_4,FCT-600,FCT,Flow-Based Continuous Time Model,VS,600,44950731611,99.0,88.0,99.0,11.1111,600.0823879241943,1,73205,654.2,true,false,output_4.2.txt
j1202_4,FCT-600,FCT,Flow-Based Continuous Time Model,VH,600,42391810291,99.0,88.0,99.0,11.1111,600.0983121395111,1,84731,642.44,true,false,output_4.2.txt
j1202_4,DT-600,DT,Discrete Time Model,VS,600,44431695747,95.0,95.0,95.0,0.0,8.834260940551758,1163,66485,15.59,false,true,output_4.2.txt
j1202_4,DT-600,DT,Discrete Time Model,VH,600,38366709496,95.0,95.0,95.0,0.0,10.45359992980957,1102,58098,17.0,false,true,output_4.2.txt
j1202_4,OOE-600,OOE,On-Off Event Based Model,VS,600,38227595035,101.0,1.0,101.0,99.0099,600.3239932060242,1,32458,447.66,true,false,output_4.2.txt
j1202_4,OOE-600,OOE,On-Off Event Based Model,VH,600,42265275158,1.0E100,1.0,1.0E100,100.0,600.1990051269531,1,31521,449.83,true,false,output_4.2.txt
j1202_4,SEQ-600,SEQ,Sequencing Model,VS,600,39609960183,98.99999993958929,94.99999999999837,98.99999993958929,4.0404,600.0144100189209,14472,2093279,791.32,true,false,output_4.2.txt
j1202_4,SEQ-600,SEQ,Sequencing Model,VH,600,37985991449,95.0,95.0,95.0,0.0,177.52067804336548,2247,545266,221.95,false,true,output_4.2.txt
j1202_4,FCT-600,FCT,Flow-Based Continuous Time Model,STD,600,116351367,1.0E100,88.0,1.0E100,100.0,600.0293600559235,1,82675,624.2,true,false,output_4.2.txt
j1202_4,DT-600,DT,Discrete Time Model,STD,600,322216835,95.0,95.0,95.0,0.0,110.15032815933228,3803,277843,164.81,false,true,output_4.2.txt
j1202_4,OOE-600,OOE,On-Off Event Based Model,STD,600,27755732,1.0E100,1.0,1.0E100,100.0,600.0749158859253,1,31521,450.56,true,false,output_4.2.txt
j1202_4,SEQ-600,SEQ,Sequencing Model,STD,600,98598765,95.0,95.0,95.0,0.0,202.52220916748047,2931,463019,263.97,false,true,output_4.2.txt
j1202_5,FCT-600,FCT,Flow-Based Continuous Time Model,VS,600,41008472998,109.0,91.0,109.0,16.5138,600.069461107254,1,71732,648.68,true,false,output_4.2.txt
j1202_5,FCT-600,FCT,Flow-Based Continuous Time Model,VH,600,41168849736,1.0E100,91.0,1.0E100,100.0,600.0613589286804,1,69700,677.75,true,false,output_4.2.txt
j1202_5,DT-600,DT,Discrete Time Model,VS,600,43239940834,103.0,103.0,103.0,0.0,207.96215200424194,9664,2137575,415.2,false,true,output_4.2.txt
j1202_5,DT-600,DT,Discrete Time Model,VH,600,38013563520,103.0,103.0,103.0,0.0,62.77269697189331,2256,570095,116.41,false,true,output_4.2.txt
j1202_5,OOE-600,OOE,On-Off Event Based Model,VS,600,38153156143,108.0,1.0,108.0,99.0741,600.3386600017548,1,30029,409.75,true,false,output_4.2.txt
j1202_5,OOE-600,OOE,On-Off Event Based Model,VH,600,38974253385,1.0E100,1.0,1.0E100,100.0,600.0933229923248,1,31941,397.45,true,false,output_4.2.txt
j1202_5,SEQ-600,SEQ,Sequencing Model,VS,600,38005630814,105.99999998929994,101.99999999995067,105.99999998929994,3.7736,600.0071489810944,13959,2141652,788.19,true,false,output_4.2.txt
j1202_5,SEQ-600,SEQ,Sequencing Model,VH,600,37705767178,106.99999998919988,98.0,106.99999998919988,8.4112,600.0202040672302,7250,1715157,820.84,true,false,output_4.2.txt
j1202_5,FCT-600,FCT,Flow-Based Continuous Time Model,STD,600,81003419,1.0E100,91.0,1.0E100,100.0,600.0238199234009,1,72551,610.53,true,false,output_4.2.txt
j1202_5,DT-600,DT,Discrete Time Model,STD,600,80438206,104.0,101.00000000000006,104.0,2.8846,600.0093989372253,6246,1240422,1449.26,true,false,output_4.2.txt
j1202_5,OOE-600,OOE,On-Off Event Based Model,STD,600,13227274,1.0E100,1.0,1.0E100,100.0,600.2362089157104,1,31941,401.1,true,false,output_4.2.txt
j1202_5,SEQ-600,SEQ,Sequencing Model,STD,600,22450027,112.0,96.00000000000001,112.0,14.2857,600.0051629543304,11635,1924676,877.33,true,false,output_4.2.txt
j1202_6,FCT-600,FCT,Flow-Based Continuous Time Model,VS,600,38450454549,98.0,75.0,98.0,23.4694,600.071613073349,1,69165,610.14,true,false,output_4.2.txt
j1202_6,FCT-600,FCT,Flow-Based Continuous Time Model,VH,600,38287435216,94.0,75.0,94.0,20.2128,600.0982360839844,1,72951,625.76,true,false,output_4.2.txt
j1202_6,DT-600,DT,Discrete Time Model,VS,600,38117344740,92.0,92.0,92.0,0.0,7.168269872665405,308,50694,12.48,false,true,output_4.2.txt
j1202_6,DT-600,DT,Discrete Time Model,VH,600,37745536474,92.0,92.0,92.0,0.0,17.373608112335205,1857,134295,26.56,false,true,output_4.2.txt
j1202_6,OOE-600,OOE,On-Off Event Based Model,VS,600,37686821662,92.0,1.0,92.0,98.913,600.129311800003,1,33425,425.65,true,false,output_4.2.txt
j1202_6,OOE-600,OOE,On-Off Event Based Model,VH,600,37965824375,1.0E100,1.0,1.0E100,100.0,600.094743013382,1,31597,411.43,true,false,output_4.2.txt
j1202_6,SEQ-600,SEQ,Sequencing Model,VS,600,38034303743,94.0,89.00000000000003,94.0,5.3191,600.0236940383911,9750,1857645,842.09,true,false,output_4.2.txt
j1202_6,SEQ-600,SEQ,Sequencing Model,VH,600,37691014208,93.99999923092689,88.99999999999999,93.99999923092689,5.3191,600.011223077774,7307,1770987,821.48,true,false,output_4.2.txt
j1202_6,FCT-600,FCT,Flow-Based Continuous Time Model,STD,600,40416274,1.0E100,75.0,1.0E100,100.0,600.0352258682251,1,72085,619.31,true,false,output_4.2.txt
j1202_6,DT-600,DT,Discrete Time Model,STD,600,30766774,92.0,92.0,92.0,0.0,84.01039910316467,1728,452404,146.23,false,true,output_4.2.txt
j1202_6,OOE-600,OOE,On-Off Event Based Model,STD,600,5974522,1.0E100,1.0,1.0E100,100.0,600.0856330394745,1,31597,411.96,true,false,output_4.2.txt
j1202_6,SEQ-600,SEQ,Sequencing Model,STD,600,11433732,1.0E100,85.9999999999992,1.0E100,100.0,600.0052020549774,15679,1665636,876.2,true,false,output_4.2.txt
j1202_7,FCT-600,FCT,Flow-Based Continuous Time Model,VS,600,38367895422,93.0,84.0,93.0,9.6774,600.0725898742676,1,71617,648.69,true,false,output_4.2.txt
j1202_7,FCT-600,FCT,Flow-Based Continuous Time Model,VH,600,38532979071,98.0,84.0,98.0,14.2857,600.0947768688202,1,78648,598.8,true,false,output_4.2.txt
j1202_7,DT-600,DT,Discrete Time Model,VS,600,41266005527,90.0,90.0,90.0,0.0,5.545943975448608,1171,46274,9.41,false,true,output_4.2.txt
j1202_7,DT-600,DT,Discrete Time Model,VH,600,38134976407,90.0,90.0,90.0,0.0,10.141136884689331,888,62536,14.78,false,true,output_4.2.txt
j1202_7,OOE-600,OOE,On-Off Event Based Model,VS,600,38071136987,95.0,1.0,95.0,98.9474,600.1989760398865,1,31405,421.75,true,false,output_4.2.txt
j1202_7,OOE-600,OOE,On-Off Event Based Model,VH,600,39382759848,1.0E100,1.0,1.0E100,100.0,600.1965298652649,1,30563,416.15,true,false,output_4.2.txt
j1202_7,SEQ-600,SEQ,Sequencing Model,VS,600,41205649504,90.0,90.0,90.0,0.0,237.17766284942627,8048,867675,320.44,false,true,output_4.2.txt
j1202_7,SEQ-600,SEQ,Sequencing Model,VH,600,38149477501,96.0,90.0,96.0,6.25,600.0108389854431,14888,1664150,794.01,true,false,output_4.2.txt
j1202_7,FCT-600,FCT,Flow-Based Continuous Time Model,STD,600,122355068,1.0E100,84.0,1.0E100,100.0,600.0252900123596,1,78015,586.34,true,false,output_4.2.txt
j1202_7,DT-600,DT,Discrete Time Model,STD,600,71420054,90.0,90.0,90.0,0.0,156.86034202575684,1496,345267,314.31,false,true,output_4.2.txt
j1202_7,OOE-600,OOE,On-Off Event Based Model,STD,600,16080369,1.0E100,1.0,1.0E100,100.0,600.0863509178162,1,30563,415.07,true,false,output_4.2.txt
j1202_7,SEQ-600,SEQ,Sequencing Model,STD,600,43721205,90.0,89.99999999999991,90.0,0.0,448.0246820449829,9096,1045821,575.87,false,true,output_4.2.txt
j1202_8,FCT-600,FCT,Flow-Based Continuous Time Model,VS,600,37552259442,88.0,77.0,88.0,12.5,600.0973641872406,1,73785,643.5,true,false,output_4.2.txt
j1202_8,FCT-600,FCT,Flow-Based Continuous Time Model,VH,600,38012539454,1.0E100,77.0,1.0E100,100.0,600.0447940826416,1,69324,686.54,true,false,output_4.2.txt
j1202_8,DT-600,DT,Discrete Time Model,VS,600,43307076596,83.0,83.0,83.0,0.0,11.933864831924438,1476,130999,19.35,false,true,output_4.2.txt
j1202_8,DT-600,DT,Discrete Time Model,VH,600,37877460818,83.0,83.0,83.0,0.0,31.809214115142822,1641,270122,47.08,false,true,output_4.2.txt
j1202_8,OOE-600,OOE,On-Off Event Based Model,VS,600,37892535178,85.0,1.0,85.0,98.8235,600.1575648784637,1,32824,443.99,true,false,output_4.2.txt
j1202_8,OOE-600,OOE,On-Off Event Based Model,VH,600,40681119802,1.0E100,1.0,1.0E100,100.0,600.1038899421692,1,33051,436.46,true,false,output_4.2.txt
j1202_8,SEQ-600,SEQ,Sequencing Model,VS,600,37875584427,84.99999999139999,81.00000000000003,84.99999999139999,4.7059,600.0114588737488,9441,1931340,798.58,true,false,output_4.2.txt
j1202_8,SEQ-600,SEQ,Sequencing Model,VH,600,37392010825,83.0,83.0,83.0,0.0,468.38376688957214,3565,2015439,721.77,false,true,output_4.2.txt
j1202_8,FCT-600,FCT,Flow-Based Continuous Time Model,STD,600,117857047,1.0E100,77.0,1.0E100,100.0,600.0654730796814,1,71494,610.75,true,false,output_4.2.txt
j1202_8,DT-600,DT,Discrete Time Model,STD,600,28777710,83.0,83.0,83.0,0.0,354.05387115478516,8292,766257,803.95,false,true,output_4.2.txt
j1202_8,OOE-600,OOE,On-Off Event Based Model,STD,600,6077721,1.0E100,1.0,1.0E100,100.0,600.0628859996796,1,33051,442.27,true,false,output_4.2.txt
j1202_8,SEQ-600,SEQ,Sequencing Model,STD,600,11837545,89.0,80.99999999999999,89.0,8.9888,600.012629032135,11792,1409851,791.62,true,false,output_4.2.txt
j1202_9,FCT-600,FCT,Flow-Based Continuous Time Model,VS,600,38289083181,99.0,92.0,99.0,7.0707,600.0642750263214,1,72748,655.04,true,false,output_4.2.txt
j1202_9,FCT-600,FCT,Flow-Based Continuous Time Model,VH,600,38047776575,100.0,92.0,100.0,8.0,600.1771061420441,1,67552,659.75,true,false,output_4.2.txt
j1202_9,DT-600,DT,Discrete Time Model,VS,600,38682280044,95.0,94.0,95.0,1.0526,600.0358979701996,364390,18080419,990.66,true,false,output_4.2.txt
j1202_9,DT-600,DT,Discrete Time Model,VH,600,40325284728,95.0,94.0,95.0,1.0526,600.0361950397491,280601,15802873,1003.84,true,false,output_4.2.txt
j1202_9,OOE-600,OOE,On-Off Event Based Model,VS,600,39569181615,100.0,1.0,100.0,99.0,600.5208909511566,1,34140,423.28,true,false,output_4.2.txt
j1202_9,OOE-600,OOE,On-Off Event Based Model,VH,600,39529203895,1.0E100,1.0,1.0E100,100.0,600.1489989757538,1,31894,430.76,true,false,output_4.2.txt
j1202_9,SEQ-600,SEQ,Sequencing Model,VS,600,39867715402,96.99999999019998,92.00000000000001,96.99999999019998,5.1546,600.0846331119537,7256,1550031,792.53,true,false,output_4.2.txt
j1202_9,SEQ-600,SEQ,Sequencing Model,VH,600,38295757798,96.99999998039978,92.0,96.99999998039978,5.1546,600.0068850517273,10449,1595316,818.29,true,false,output_4.2.txt
j1202_9,FCT-600,FCT,Flow-Based Continuous Time Model,STD,600,114007754,1.0E100,92.0,1.0E100,100.0,600.0275528430939,1,72693,625.72,true,false,output_4.2.txt
j1202_9,DT-600,DT,Discrete Time Model,STD,600,207565250,95.0,94.0,95.0,1.0526,600.034157037735,276545,15921293,994.05,true,false,output_4.2.txt
j1202_9,OOE-600,OOE,On-Off Event Based Model,STD,600,17807630,1.0E100,1.0,1.0E100,100.0,600.1426048278809,1,31894,430.37,true,false,output_4.2.txt
j1202_9,SEQ-600,SEQ,Sequencing Model,STD,600,93503976,103.99999997879993,92.00000000000006,103.99999997879993,11.5385,600.0091459751129,8441,1199151,800.5,true,false,output_4.2.txt
j1202_10,FCT-600,FCT,Flow-Based Continuous Time Model,VS,600,40586439791,106.0,79.0,106.0,25.4717,600.0732190608978,1,64762,592.81,true,false,output_4.2.txt
j1202_10,FCT-600,FCT,Flow-Based Continuous Time Model,VH,600,41585025262,107.0,79.0,107.0,26.1682,600.1362421512604,1,71973,649.18,true,false,output_4.2.txt
j1202_10,DT-600,DT,Discrete Time Model,VS,600,44163589229,96.0,96.0,96.0,0.0,186.0817039012909,10426,2037651,352.01,false,true,output_4.2.txt
j1202_10,DT-600,DT,Discrete Time Model,VH,600,37904970047,96.0,96.0,96.0,0.0,227.13698387145996,6228,2423352,449.08,false,true,output_4.2.txt
j1202_10,OOE-600,OOE,On-Off Event Based Model,VS,600,37836274507,108.0,1.0,108.0,99.0741,600.2053170204163,1,31462,424.12,true,false,output_4.2.txt
j1202_10,OOE-600,OOE,On-Off Event Based Model,VH,600,41873713785,1.0E100,1.0,1.0E100,100.0,600.1269459724426,1,32624,426.98,true,false,output_4.2.txt
j1202_10,SEQ-600,SEQ,Sequencing Model,VS,600,42174177103,102.0,90.99999999999697,102.0,10.7843,600.0134670734406,3133,1726676,798.16,true,false,output_4.2.txt
j1202_10,SEQ-600,SEQ,Sequencing Model,VH,600,37552887614,104.99999998939998,89.99999999999966,104.99999998939998,14.2857,600.0067629814148,6465,1807052,847.76,true,false,output_4.2.txt
j1202_10,FCT-600,FCT,Flow-Based Continuous Time Model,STD,600,116274541,1.0E100,79.0,1.0E100,100.0,600.0207509994507,1,72956,612.24,true,false,output_4.2.txt
j1202_10,DT-600,DT,Discrete Time Model,STD,600,252454281,96.0,96.0,96.0,0.0,586.4912881851196,5234,1910465,1363.41,false,true,output_4.2.txt
j1202_10,OOE-600,OOE,On-Off Event Based Model,STD,600,18113921,1.0E100,1.0,1.0E100,100.0,600.1681032180786,1,32624,424.71,true,false,output_4.2.txt
j1202_10,SEQ-600,SEQ,Sequencing Model,STD,600,88999122,117.99999998809999,88.8193927385386,117.99999998809999,24.7293,600.027578830719,14885,1172066,788.34,true,false,output_4.2.txt
j1203_1,FCT-600,FCT,Flow-Based Continuous Time Model,VS,600,44246206873,86.0,79.0,86.0,8.1395,600.0664639472961,1,76173,703.49,true,false,output_4.2.txt
j1203_1,FCT-600,FCT,Flow-Based Continuous Time Model,VH,600,44030831728,85.0,79.0,85.0,7.0588,600.1285769939423,1,71951,649.26,true,false,output_4.2.txt
j1203_1,DT-600,DT,Discrete Time Model,VS,600,41677692335,80.0,80.0,80.0,0.0,19.37732195854187,3647,238965,31.44,false,true,output_4.2.txt
j1203_1,DT-600,DT,Discrete Time Model,VH,600,38233414430,80.0,80.0,80.0,0.0,18.76956605911255,4081,207862,28.54,false,true,output_4.2.txt
j1203_1,OOE-600,OOE,On-Off Event Based Model,VS,600,38090103309,84.0,1.0,84.0,98.8095,600.2341439723969,1,31480,431.61,true,false,output_4.2.txt
j1203_1,OOE-600,OOE,On-Off Event Based Model,VH,600,37713461616,1.0E100,1.0,1.0E100,100.0,600.0975480079651,1,28336,422.61,true,false,output_4.2.txt
j1203_1,SEQ-600,SEQ,Sequencing Model,VS,600,38067013958,83.99999803399774,79.0,83.99999803399774,5.9524,600.0109519958496,8552,2157190,855.07,true,false,output_4.2.txt
j1203_1,SEQ-600,SEQ,Sequencing Model,VH,600,37550385531,83.0,79.00000000000003,83.0,4.8193,600.0197699069977,7221,2388040,910.8,true,false,output_4.2.txt
j1203_1,FCT-600,FCT,Flow-Based Continuous Time Model,STD,600,84676538,1.0E100,79.0,1.0E100,100.0,600.0193059444427,1,73434,622.91,true,false,output_4.2.txt
j1203_1,DT-600,DT,Discrete Time Model,STD,600,30374176,80.0,80.0,80.0,0.0,27.383586883544922,4190,272596,43.12,false,true,output_4.2.txt
j1203_1,OOE-600,OOE,On-Off Event Based Model,STD,600,11278589,1.0E100,1.0,1.0E100,100.0,600.0985600948334,1,28336,421.37,true,false,output_4.2.txt
j1203_1,SEQ-600,SEQ,Sequencing Model,STD,600,11951596,81.99999999169998,79.00000000000003,81.99999999169998,3.6585,600.0141980648041,7369,1538058,829.81,true,false,output_4.2.txt
j1203_2,FCT-600,FCT,Flow-Based Continuous Time Model,VS,600,40558298876,88.0,88.0,88.0,0.0,41.2669620513916,0,0,29.74,false,true,output_4.3.txt
j1203_2,FCT-600,FCT,Flow-Based Continuous Time Model,VH,600,40025320078,88.0,88.0,88.0,0.0,481.0959918498993,1,72251,488.21,false,true,output_4.3.txt
j1203_2,DT-600,DT,Discrete Time Model,VS,600,37575764871,88.0,88.0,88.0,0.0,2.4748950004577637,0,0,6.52,false,true,output_4.3.txt
j1203_2,DT-600,DT,Discrete Time Model,VH,600,37224841070,88.0,88.0,88.0,0.0,3.551619052886963,1,1637,6.59,false,true,output_4.3.txt
j1203_2,OOE-600,OOE,On-Off Event Based Model,VS,600,37150328192,88.0,1.0,88.0,98.8636,600.2024710178375,1,29498,469.14,true,false,output_4.3.txt
j1203_2,OOE-600,OOE,On-Off Event Based Model,VH,600,38183252209,1.0E100,1.0,1.0E100,100.0,600.0678081512451,1,31723,469.25,true,false,output_4.3.txt
j1203_2,SEQ-600,SEQ,Sequencing Model,VS,600,38177053559,88.0,88.0,88.0,0.0,2.860801935195923,0,0,3.8,false,true,output_4.3.txt
j1203_2,SEQ-600,SEQ,Sequencing Model,VH,600,37569484142,88.0,88.0,88.0,0.0,2.312631130218506,1,24175,2.66,false,true,output_4.3.txt
j1203_2,FCT-600,FCT,Flow-Based Continuous Time Model,STD,600,72127456,1.0E100,88.0,1.0E100,100.0,600.0200660228729,1,76112,624.1,true,false,output_4.3.txt
j1203_2,DT-600,DT,Discrete Time Model,STD,600,37596089,88.0,88.0,88.0,0.0,5.916543960571289,1,10954,10.18,false,true,output_4.3.txt
j1203_2,OOE-600,OOE,On-Off Event Based Model,STD,600,15240647,1.0E100,1.0,1.0E100,100.0,600.0433549880981,1,31723,467.79,true,false,output_4.3.txt
j1203_2,SEQ-600,SEQ,Sequencing Model,STD,600,16257539,88.0,88.0,88.0,0.0,5.285412073135376,1,33372,6.71,false,true,output_4.3.txt
j1203_3,FCT-600,FCT,Flow-Based Continuous Time Model,VS,600,38237421071,100.0,100.0,100.0,0.0,44.007745027542114,0,0,31.87,false,true,output_4.3.txt
j1203_3,FCT-600,FCT,Flow-Based Continuous Time Model,VH,600,38362502490,100.0,100.0,100.0,0.0,484.53040289878845,1,71100,505.62,false,true,output_4.3.txt
j1203_3,DT-600,DT,Discrete Time Model,VS,600,38229594332,100.0,100.0,100.0,0.0,2.303882122039795,0,0,5.83,false,true,output_4.3.txt
j1203_3,DT-600,DT,Discrete Time Model,VH,600,37926470585,100.0,100.0,100.0,0.0,3.271710157394409,1,1743,6.0,false,true,output_4.3.txt
j1203_3,OOE-600,OOE,On-Off Event Based Model,VS,600,37806935464,100.0,1.0,100.0,99.0,600.116977930069,1,32482,441.31,true,false,output_4.3.txt
j1203_3,OOE-600,OOE,On-Off Event Based Model,VH,600,38449889839,1.0E100,1.0,1.0E100,100.0,600.0842199325562,1,31503,454.6,true,false,output_4.3.txt
j1203_3,SEQ-600,SEQ,Sequencing Model,VS,600,37914914839,100.0,100.0,100.0,0.0,2.062494993209839,0,0,2.49,false,true,output_4.3.txt
j1203_3,SEQ-600,SEQ,Sequencing Model,VH,600,37198550072,100.0,100.0,100.0,0.0,2.2900259494781494,1,20866,2.39,false,true,output_4.3.txt
j1203_3,FCT-600,FCT,Flow-Based Continuous Time Model,STD,600,49097361,1.0E100,100.0,1.0E100,100.0,600.0294408798218,1,75250,638.18,true,false,output_4.3.txt
j1203_3,DT-600,DT,Discrete Time Model,STD,600,63398494,100.0,100.0,100.0,0.0,4.673027038574219,1,3689,8.39,false,true,output_4.3.txt
j1203_3,OOE-600,OOE,On-Off Event Based Model,STD,600,7143594,1.0E100,1.0,1.0E100,100.0,600.081200838089,1,31503,456.86,true,false,output_4.3.txt
j1203_3,SEQ-600,SEQ,Sequencing Model,STD,600,30739754,100.0,100.0,100.0,0.0,3.9170830249786377,1,22126,4.2,false,true,output_4.3.txt
j1203_4,FCT-600,FCT,Flow-Based Continuous Time Model,VS,600,37745951391,76.0,71.0,76.0,6.5789,600.06880402565,1,80076,659.54,true,false,output_4.3.txt
j1203_4,FCT-600,FCT,Flow-Based Continuous Time Model,VH,600,37654213004,73.0,71.0,73.0,2.7397,600.1024179458618,1,79537,567.97,true,false,output_4.3.txt
j1203_4,DT-600,DT,Discrete Time Model,VS,600,37504973228,71.0,71.0,71.0,0.0,4.94672703742981,881,34230,8.93,false,true,output_4.3.txt
j1203_4,DT-600,DT,Discrete Time Model,VH,600,37200128402,71.0,71.0,71.0,0.0,4.86762809753418,182,11828,8.21,false,true,output_4.3.txt
j1203_4,OOE-600,OOE,On-Off Event Based Model,VS,600,36814005398,72.0,1.0,72.0,98.6111,600.0899000167847,1,31332,456.84,true,false,output_4.3.txt
j1203_4,OOE-600,OOE,On-Off Event Based Model,VH,600,37510815667,1.0E100,1.0,1.0E100,100.0,600.1746511459351,1,28121,461.52,true,false,output_4.3.txt
j1203_4,SEQ-600,SEQ,Sequencing Model,VS,600,37041266131,71.0,71.0,71.0,0.0,562.2723889350891,7302,1946962,806.07,false,true,output_4.3.txt
j1203_4,SEQ-600,SEQ,Sequencing Model,VH,600,37004880103,71.0,71.0,71.0,0.0,132.31353998184204,1725,572137,195.44,false,true,output_4.3.txt
j1203_4,FCT-600,FCT,Flow-Based Continuous Time Model,STD,600,31358396,1.0E100,71.0,1.0E100,100.0,600.0394370555878,1,79346,579.49,true,false,output_4.3.txt
j1203_4,DT-600,DT,Discrete Time Model,STD,600,43572397,71.0,71.0,71.0,0.0,9.759384870529175,1,30355,16.81,false,true,output_4.3.txt
j1203_4,OOE-600,OOE,On-Off Event Based Model,STD,600,7915743,1.0E100,1.0,1.0E100,100.0,600.0856869220734,1,28121,459.02,true,false,output_4.3.txt
j1203_4,SEQ-600,SEQ,Sequencing Model,STD,600,56340339,71.0,71.0,71.0,0.0,494.48131489753723,7285,1313726,671.01,false,true,output_4.3.txt
j1203_5,FCT-600,FCT,Flow-Based Continuous Time Model,VS,600,37721029928,87.0,81.0,87.0,6.8966,600.0715799331665,1,75317,694.84,true,false,output_4.3.txt
j1203_5,FCT-600,FCT,Flow-Based Continuous Time Model,VH,600,37887292628,86.0,81.0,86.0,5.814,600.1917691230774,1,72438,619.25,true,false,output_4.3.txt
j1203_5,DT-600,DT,Discrete Time Model,VS,600,39088265714,84.0,84.0,84.0,0.0,3.8446459770202637,443,10346,7.69,false,true,output_4.3.txt
j1203_5,DT-600,DT,Discrete Time Model,VH,600,37621862859,84.0,84.0,84.0,0.0,4.068317890167236,1,6617,7.33,false,true,output_4.3.txt
j1203_5,OOE-600,OOE,On-Off Event Based Model,VS,600,37425610719,87.0,1.0,87.0,98.8506,600.3353941440582,1,32692,429.21,true,false,output_4.3.txt
j1203_5,OOE-600,OOE,On-Off Event Based Model,VH,600,38344907692,1.0E100,1.0,1.0E100,100.0,600.0344059467316,1,32981,439.54,true,false,output_4.3.txt
j1203_5,SEQ-600,SEQ,Sequencing Model,VS,600,37962317446,84.0,84.0,84.0,0.0,76.00869512557983,2589,295682,99.46,false,true,output_4.3.txt
j1203_5,SEQ-600,SEQ,Sequencing Model,VH,600,37486032470,84.0,84.0,84.0,0.0,47.11384701728821,1697,200610,61.15,false,true,output_4.3.txt
j1203_5,FCT-600,FCT,Flow-Based Continuous Time Model,STD,600,30879901,1.0E100,81.0,1.0E100,100.0,600.1147511005402,1,71708,642.0,true,false,output_4.3.txt
j1203_5,DT-600,DT,Discrete Time Model,STD,600,40152365,84.0,84.0,84.0,0.0,19.9563570022583,1026,65466,31.13,false,true,output_4.3.txt
j1203_5,OOE-600,OOE,On-Off Event Based Model,STD,600,10707891,1.0E100,1.0,1.0E100,100.0,600.1003639698029,1,32981,438.61,true,false,output_4.3.txt
j1203_5,SEQ-600,SEQ,Sequencing Model,STD,600,11501566,84.0,84.0,84.0,0.0,60.76350212097168,1036,281596,83.23,false,true,output_4.3.txt
j1203_6,FCT-600,FCT,Flow-Based Continuous Time Model,VS,600,38065806208,102.0,102.0,102.0,0.0,34.87182283401489,0,0,29.33,false,true,output_4.3.txt
j1203_6,FCT-600,FCT,Flow-Based Continuous Time Model,VH,600,37903113704,102.0,102.0,102.0,0.0,421.2096450328827,1,68793,431.72,false,true,output_4.3.txt
j1203_6,DT-600,DT,Discrete Time Model,VS,600,39515388180,102.0,102.0,102.0,0.0,2.5715510845184326,0,0,6.62,false,true,output_4.3.txt
j1203_6,DT-600,DT,Discrete Time Model,VH,600,37702384849,102.0,102.0,102.0,0.0,3.234837055206299,1,2327,6.37,false,true,output_4.3.txt
j1203_6,OOE-600,OOE,On-Off Event Based Model,VS,600,37560346704,102.0,1.0,102.0,99.0196,600.2231450080872,1,32464,427.48,true,false,output_4.3.txt
j1203_6,OOE-600,OOE,On-Off Event Based Model,VH,600,37838002630,1.0E100,1.0,1.0E100,100.0,600.2230441570282,1,32962,431.48,true,false,output_4.3.txt
j1203_6,SEQ-600,SEQ,Sequencing Model,VS,600,38112758871,102.0,102.0,102.0,0.0,1.5925769805908203,0,0,2.26,false,true,output_4.3.txt
j1203_6,SEQ-600,SEQ,Sequencing Model,VH,600,37966451647,102.0,102.0,102.0,0.0,2.168203830718994,1,20856,2.55,false,true,output_4.3.txt
j1203_6,FCT-600,FCT,Flow-Based Continuous Time Model,STD,600,30653734,1.0E100,102.0,1.0E100,100.0,600.0835888385773,1,76323,639.2,true,false,output_4.3.txt
j1203_6,DT-600,DT,Discrete Time Model,STD,600,33789894,102.0,102.0,102.0,0.0,7.741332054138184,1,16256,12.72,false,true,output_4.3.txt
j1203_6,OOE-600,OOE,On-Off Event Based Model,STD,600,11843179,1.0E100,1.0,1.0E100,100.0,600.1827738285065,1,32962,427.14,true,false,output_4.3.txt
j1203_6,SEQ-600,SEQ,Sequencing Model,STD,600,11161581,102.0,102.0,102.0,0.0,2.9912030696868896,1,21951,3.5,false,true,output_4.3.txt
j1203_7,FCT-600,FCT,Flow-Based Continuous Time Model,VS,600,37707186850,97.0,93.0,97.0,4.1237,600.0626919269562,1,74243,671.0,true,false,output_4.3.txt
j1203_7,FCT-600,FCT,Flow-Based Continuous Time Model,VH,600,37899339967,93.0,93.0,93.0,0.0,472.28104400634766,1,64107,496.5,false,true,output_4.3.txt
j1203_7,DT-600,DT,Discrete Time Model,VS,600,38510830953,93.0,93.0,93.0,0.0,2.628587007522583,1,10538,5.64,false,true,output_4.3.txt
j1203_7,DT-600,DT,Discrete Time Model,VH,600,37660111003,93.0,93.0,93.0,0.0,4.232503175735474,1,8132,6.96,false,true,output_4.3.txt
j1203_7,OOE-600,OOE,On-Off Event Based Model,VS,600,37478535103,97.0,1.0,97.0,98.9691,600.1421191692352,1,37702,465.05,true,false,output_4.3.txt
j1203_7,OOE-600,OOE,On-Off Event Based Model,VH,600,38541050747,1.0E100,1.0,1.0E100,100.0,600.0740339756012,1,32027,416.37,true,false,output_4.3.txt
j1203_7,SEQ-600,SEQ,Sequencing Model,VS,600,37477609014,93.0,93.0,93.0,0.0,9.71465802192688,1,37010,11.41,false,true,output_4.3.txt
j1203_7,SEQ-600,SEQ,Sequencing Model,VH,600,37177502857,93.0,93.0,93.0,0.0,5.644903182983398,1,39982,6.86,false,true,output_4.3.txt
j1203_7,FCT-600,FCT,Flow-Based Continuous Time Model,STD,600,31455604,1.0E100,93.0,1.0E100,100.0,600.0218439102173,1,68656,636.69,true,false,output_4.3.txt
j1203_7,DT-600,DT,Discrete Time Model,STD,600,28574009,93.0,93.0,93.0,0.0,5.734220027923584,1,10491,9.29,false,true,output_4.3.txt
j1203_7,OOE-600,OOE,On-Off Event Based Model,STD,600,6102357,1.0E100,1.0,1.0E100,100.0,600.0777521133423,1,32027,426.39,true,false,output_4.3.txt
j1203_7,SEQ-600,SEQ,Sequencing Model,STD,600,11401490,93.0,93.0,93.0,0.0,16.00618886947632,1,80387,20.15,false,true,output_4.3.txt
j1203_8,FCT-600,FCT,Flow-Based Continuous Time Model,VS,600,38152488663,77.0,77.0,77.0,0.0,39.40815091133118,0,0,30.55,false,true,output_4.3.txt
j1203_8,FCT-600,FCT,Flow-Based Continuous Time Model,VH,600,38102289244,79.0,77.0,79.0,2.5316,600.0961639881134,1,82390,632.05,true,false,output_4.3.txt
j1203_8,DT-600,DT,Discrete Time Model,VS,600,38294056558,77.0,77.0,77.0,0.0,2.996022939682007,320,11333,6.71,false,true,output_4.3.txt
j1203_8,DT-600,DT,Discrete Time Model,VH,600,37582478052,77.0,77.0,77.0,0.0,6.746881008148193,598,34751,10.42,false,true,output_4.3.txt
j1203_8,OOE-600,OOE,On-Off Event Based Model,VS,600,36973234193,77.0,1.0,77.0,98.7013,600.3349640369415,1,33120,435.6,true,false,output_4.3.txt
j1203_8,OOE-600,OOE,On-Off Event Based Model,VH,600,38566700871,1.0E100,1.0,1.0E100,100.0,600.1446681022644,1,30412,438.9,true,false,output_4.3.txt
j1203_8,SEQ-600,SEQ,Sequencing Model,VS,600,37904551175,77.0,77.0,77.0,0.0,382.51853704452515,8809,1422377,550.29,false,true,output_4.3.txt
j1203_8,SEQ-600,SEQ,Sequencing Model,VH,600,37476208102,77.0,77.0,77.0,0.0,544.73011302948,11329,1834742,764.97,false,true,output_4.3.txt
j1203_8,FCT-600,FCT,Flow-Based Continuous Time Model,STD,600,39022385,1.0E100,77.0,1.0E100,100.0,600.0202481746674,1,80265,613.0,true,false,output_4.3.txt
j1203_8,DT-600,DT,Discrete Time Model,STD,600,30707550,77.0,77.0,77.0,0.0,14.662514925003052,1,38849,28.43,false,true,output_4.3.txt
j1203_8,OOE-600,OOE,On-Off Event Based Model,STD,600,6094908,1.0E100,1.0,1.0E100,100.0,600.0931010246277,1,30412,441.42,true,false,output_4.3.txt
j1203_8,SEQ-600,SEQ,Sequencing Model,STD,600,25078679,77.0,77.0,77.0,0.0,208.97496390342712,2928,735409,319.32,false,true,output_4.3.txt
j1203_9,FCT-600,FCT,Flow-Based Continuous Time Model,VS,600,39176021015,86.0,86.0,86.0,0.0,41.085561990737915,0,0,32.17,false,true,output_4.3.txt
j1203_9,FCT-600,FCT,Flow-Based Continuous Time Model,VH,600,38928128056,86.0,86.0,86.0,0.0,482.0849268436432,1,74383,491.82,false,true,output_4.3.txt
j1203_9,DT-600,DT,Discrete Time Model,VS,600,40179230347,86.0,86.0,86.0,0.0,2.638495922088623,0,0,6.81,false,true,output_4.3.txt
j1203_9,DT-600,DT,Discrete Time Model,VH,600,38496672187,86.0,86.0,86.0,0.0,3.2943499088287354,1,3036,6.09,false,true,output_4.3.txt
j1203_9,OOE-600,OOE,On-Off Event Based Model,VS,600,38474071711,86.0,1.0,86.0,98.8372,600.2779250144958,1,29971,420.89,true,false,output_4.3.txt
j1203_9,OOE-600,OOE,On-Off Event Based Model,VH,600,39006434228,1.0E100,1.0,1.0E100,100.0,600.1283490657806,1,33473,424.56,true,false,output_4.3.txt
j1203_9,SEQ-600,SEQ,Sequencing Model,VS,600,38736714388,86.0,86.0,86.0,0.0,2.5588860511779785,0,0,3.12,false,true,output_4.3.txt
j1203_9,SEQ-600,SEQ,Sequencing Model,VH,600,38401068483,86.0,86.0,86.0,0.0,2.7814719676971436,1,20756,2.58,false,true,output_4.3.txt
j1203_9,FCT-600,FCT,Flow-Based Continuous Time Model,STD,600,83803973,1.0E100,86.0,1.0E100,100.0,600.0261569023132,1,78274,621.2,true,false,output_4.3.txt
j1203_9,DT-600,DT,Discrete Time Model,STD,600,104741252,86.0,86.0,86.0,0.0,5.388481855392456,1,8367,9.16,false,true,output_4.3.txt
j1203_9,OOE-600,OOE,On-Off Event Based Model,STD,600,6233039,1.0E100,1.0,1.0E100,100.0,600.0515160560608,1,33473,411.23,true,false,output_4.3.txt
j1203_9,SEQ-600,SEQ,Sequencing Model,STD,600,19436984,86.0,86.0,86.0,0.0,3.348275899887085,1,24831,3.84,false,true,output_4.3.txt
